"任务名","任务路径","状态","下次运行","上次运行","上次结果","Execute","Arguments","起始目录","Execute是否存在","Execute类型","Execute解析路径","引用文件数量","存在文件数量","缺失文件数量","缺失文件","存在文件"
"ScissorsAutonomousHeartbeat","\","Ready","2026/6/23 18:46:55","2026/6/23 18:36:56","4294770688","powershell.exe","-ExecutionPolicy Bypass -File ""C:\Users\Deple\.openclaw\workspace\tasks\autonomous-heartbeat.ps1""","C:\Users\Deple\.openclaw\workspace","是","系统命令","C:\WINDOWS\System32\WindowsPowerShell\v1.0\powershell.exe","1","0","1","C:\Users\Deple\.openclaw\workspace\tasks\autonomous-heartbeat.ps1",""
"小红书双开截流","\","Ready","2026/6/24 9:00:00","2026/6/23 9:00:01","0","""C:\Users\Deple\Desktop\traffic interception\red_note\src\run_xhs_5556_5558.bat""",,,"是","文件路径","C:\Users\Deple\Desktop\traffic interception\red_note\src\run_xhs_5556_5558.bat","1","1","0","","C:\Users\Deple\Desktop\traffic interception\red_note\src\run_xhs_5556_5558.bat"
"XHS_Stop_At_Midnight","\","Ready","2026/6/24 0:00:00","2026/6/23 10:18:21","255","C:\Users\Deple\Desktop\程序\小红书\每天0点停止小红书.bat",,,"是","文件路径","C:\Users\Deple\Desktop\程序\小红书\每天0点停止小红书.bat","1","1","0","","C:\Users\Deple\Desktop\程序\小红书\每天0点停止小红书.bat"
"WpsUpdateTask_Deple","\","Ready","2026/6/23 19:32:24","2026/6/23 18:32:25","0","D:\Program Files (x86)\WPS Office\ksolaunch.exe","/wpsupdate -from=task -source=task",,"是","文件路径","D:\Program Files (x86)\WPS Office\ksolaunch.exe","1","1","0","","D:\Program Files (x86)\WPS Office\ksolaunch.exe"
"WpsUpdateTask_jishu1","\","Ready","2026/6/23 19:39:34","2026/6/23 18:39:35","0","D:\Program Files (x86)\WPS Office\ksolaunch.exe","/wpsupdate -from=task -source=task",,"是","文件路径","D:\Program Files (x86)\WPS Office\ksolaunch.exe","1","1","0","","D:\Program Files (x86)\WPS Office\ksolaunch.exe"
"WpsWakeWnsLogonTask","\","Ready",,"2026/6/22 16:43:13","0","""D:\Program Files (x86)\WPS Office\\ksolaunch.exe""","Run addons/kpluginwrapper/kpluginwrapper.dll run_plugin -plugin_name=kmessagepushcenter -dll_name=kmessagepushcenter wake_wns",,"是","文件路径","D:\Program Files (x86)\WPS Office\ksolaunch.exe","1","1","0","","D:\Program Files (x86)\WPS Office\\ksolaunch.exe"
"RunPlatformExperienceHelper_Metrics","\GoogleUserPEH\","Ready","2026/6/25 13:27:17","1999/11/30 0:00:00","267011","""C:\Program Files\Google\Chrome\Application\PlatformExperienceHelper\platform_experience_helper.exe""","--chrome-upload-metrics",,"是","文件路径","C:\Program Files\Google\Chrome\Application\PlatformExperienceHelper\platform_experience_helper.exe","1","1","0","","C:\Program Files\Google\Chrome\Application\PlatformExperienceHelper\platform_experience_helper.exe"
"UninstallDeviceTask","\Microsoft\Windows\Bluetooth\","Ready",,"1999/11/30 0:00:00","267011","BthUdTask.exe","$(Arg0)",,"是","文件路径","C:\WINDOWS\System32\BthUdTask.exe","0","0","0","",""
"UPnPHostConfig","\Microsoft\Windows\UPnP\","Ready",,"1999/11/30 0:00:00","267011","sc.exe","config upnphost start= auto",,"是","文件路径","C:\WINDOWS\System32\sc.exe","0","0","0","",""
"小红书截流守护","\","Ready","2026/6/23 19:00:00","2026/6/23 18:30:01","0","""C:\Users\Deple\Desktop\traffic interception\red_note\src\watch_xhs_5556_5558.bat""",,,"是","文件路径","C:\Users\Deple\Desktop\traffic interception\red_note\src\watch_xhs_5556_5558.bat","1","1","0","","C:\Users\Deple\Desktop\traffic interception\red_note\src\watch_xhs_5556_5558.bat"
"RunPlatformExperienceHelperOnUnlock","\GoogleUserPEH\","Ready",,"2026/6/23 13:27:15","0","""C:\Program Files\Google\Chrome\Application\PlatformExperienceHelper\platform_experience_helper.exe""",,,"是","文件路径","C:\Program Files\Google\Chrome\Application\PlatformExperienceHelper\platform_experience_helper.exe","1","1","0","","C:\Program Files\Google\Chrome\Application\PlatformExperienceHelper\platform_experience_helper.exe"
"RunPlatformExperienceHelper_Daily","\GoogleUserPEH\","Ready","2026/6/23 18:55:13","2026/6/22 18:54:57","0","""C:\Program Files\Google\Chrome\Application\PlatformExperienceHelper\platform_experience_helper.exe""",,,"是","文件路径","C:\Program Files\Google\Chrome\Application\PlatformExperienceHelper\platform_experience_helper.exe","1","1","0","","C:\Program Files\Google\Chrome\Application\PlatformExperienceHelper\platform_experience_helper.exe"
"WpsUpdateLogonTask_jishu1","\","Ready",,"2026/6/22 17:06:13","0","D:\Program Files (x86)\WPS Office\ksolaunch.exe","/wpsupdate -from=task -source=task",,"是","文件路径","D:\Program Files (x86)\WPS Office\ksolaunch.exe","1","1","0","","D:\Program Files (x86)\WPS Office\ksolaunch.exe"
"Launch Adobe CCXProcess","\","Ready","2026/6/24 16:43:00","2026/6/23 16:43:01","0","""C:\Program Files\Adobe\Adobe Creative Cloud Experience\CCXProcess.exe""",,,"是","文件路径","C:\Program Files\Adobe\Adobe Creative Cloud Experience\CCXProcess.exe","1","1","0","","C:\Program Files\Adobe\Adobe Creative Cloud Experience\CCXProcess.exe"
"NVIDIA App SelfUpdate_{B2FE1952-0186-46C3-BAEC-A80AA35AC5B8}","\","Ready",,"1999/11/30 0:00:00","267011","""C:\Program Files\NVIDIA Corporation\NVIDIA App\CEF\NVIDIA App.exe""",,"C:\Program Files\NVIDIA Corporation\NVIDIA App","是","文件路径","C:\Program Files\NVIDIA Corporation\NVIDIA App\CEF\NVIDIA App.exe","1","1","0","","C:\Program Files\NVIDIA Corporation\NVIDIA App\CEF\NVIDIA App.exe"
"DoubleWechatLike_Stop_0000","\","Ready","2026/6/24 0:00:00","1999/11/30 0:00:00","267011","C:\Users\Deple\Desktop\程序\微信\stop_double_wechat_like.bat",,,"是","文件路径","C:\Users\Deple\Desktop\程序\微信\stop_double_wechat_like.bat","1","1","0","","C:\Users\Deple\Desktop\程序\微信\stop_double_wechat_like.bat"
"DoubleWechatLike_Start_0800","\","Ready","2026/6/24 8:00:00","1999/11/30 0:00:00","267011","C:\Users\Deple\Desktop\程序\微信\双微信朋友圈点赞_点击.bat",,,"是","文件路径","C:\Users\Deple\Desktop\程序\微信\双微信朋友圈点赞_点击.bat","1","1","0","","C:\Users\Deple\Desktop\程序\微信\双微信朋友圈点赞_点击.bat"
"OneDrive Startup Task-S-1-5-21-2400464376-1604092282-1729554545-1001","\","Ready",,"2026/6/22 16:52:13","0","C:\Users\Deple\AppData\Local\Microsoft\OneDrive\26.098.0524.0004\OneDriveLauncher.exe","/startInstances",,"是","文件路径","C:\Users\Deple\AppData\Local\Microsoft\OneDrive\26.098.0524.0004\OneDriveLauncher.exe","1","1","0","","C:\Users\Deple\AppData\Local\Microsoft\OneDrive\26.098.0524.0004\OneDriveLauncher.exe"
"WpsUpdateLogonTask_Deple","\","Ready",,"2026/6/22 17:02:13","0","D:\Program Files (x86)\WPS Office\ksolaunch.exe","/wpsupdate -from=task -source=task",,"是","文件路径","D:\Program Files (x86)\WPS Office\ksolaunch.exe","1","1","0","","D:\Program Files (x86)\WPS Office\ksolaunch.exe"
"TikTokStop","\","Ready","2026/6/24 0:00:00","1999/11/30 0:00:00","267011","cmd.exe","/c C:\Users\Deple\Desktop\程序\抖音\stop_tiktok.bat",,"是","文件路径","C:\WINDOWS\System32\cmd.exe","1","1","0","","C:\Users\Deple\Desktop\程序\抖音\stop_tiktok.bat"
"OpenClaw Gateway","\","Ready",,"2026/6/22 16:42:13","3221225786","C:\Users\Deple\.openclaw\gateway.cmd",,,"是","文件路径","C:\Users\Deple\.openclaw\gateway.cmd","1","1","0","","C:\Users\Deple\.openclaw\gateway.cmd"
"TikTokStart","\","Ready","2026/6/24 9:00:00","1999/11/30 0:00:00","267011","cmd.exe","/c C:\Users\Deple\Desktop\程序\抖音\run_tiktok.bat",,"是","文件路径","C:\WINDOWS\System32\cmd.exe","1","1","0","","C:\Users\Deple\Desktop\程序\抖音\run_tiktok.bat"
"PrintJobCleanupTask","\Microsoft\Windows\Printing\","Disabled","2026/6/26 12:00:00","2026/4/27 9:08:57","0",,,,"否","空","","0","0","0","",""
"AnalyzeSystem","\Microsoft\Windows\Power Efficiency Diagnostics\","Ready",,"2026/6/23 12:07:15","0",,,,"否","空","","0","0","0","",""
"PrinterCleanupTask","\Microsoft\Windows\Printing\","Ready","2026/6/28 12:00:00","2026/5/29 12:00:01","0",,,,"否","空","","0","0","0","",""
"EduPrintProv","\Microsoft\Windows\Printing\","Ready",,"1999/11/30 0:00:00","267011","%windir%\system32\eduprintprov.exe",,,"否","缺失","%windir%\system32\eduprintprov.exe","0","0","0","",""
"Sysprep Generalize Drivers","\Microsoft\Windows\Plug and Play\","Ready",,"1999/11/30 0:00:00","267011","%SystemRoot%\System32\drvinst.exe","6",,"否","缺失","%SystemRoot%\System32\drvinst.exe","0","0","0","",""
"ShowFeedbackToast","\Microsoft\Windows\PerformanceTrace\","Ready",,"1999/11/30 0:00:00","267011",,,,"否","空","","0","0","0","",""
"StartComponentCleanup","\Microsoft\Windows\Servicing\","Ready",,"2026/6/19 10:02:54","0",,,,"否","空","","0","0","0","",""
"WhesvcToast","\Microsoft\Windows\PerformanceTrace\","Ready",,"1999/11/30 0:00:00","267011",,,,"否","空","","0","0","0","",""
"Device Install Reboot Required","\Microsoft\Windows\Plug and Play\","Ready",,"2026/6/22 16:42:13","0",,,,"否","空","","0","0","0","",""
"Device Install Group Policy","\Microsoft\Windows\Plug and Play\","Ready",,"2026/6/17 18:40:01","0",,,,"否","空","","0","0","0","",""
"CreateObjectTask","\Microsoft\Windows\Shell\","Ready",,"2026/6/22 9:00:24","0",,,,"否","空","","0","0","0","",""
"Account Cleanup","\Microsoft\Windows\SharedPC\","Disabled",,"1999/11/30 0:00:00","267011",,,,"否","空","","0","0","0","",""
"FamilySafetyMonitor","\Microsoft\Windows\Shell\","Ready",,"1999/11/30 0:00:00","267011","%windir%\System32\wpcmon.exe",,,"否","缺失","%windir%\System32\wpcmon.exe","0","0","0","",""
"FamilySafetyRefreshTask","\Microsoft\Windows\Shell\","Ready",,"1999/11/30 0:00:00","267011",,,,"否","空","","0","0","0","",""
"IndexerAutomaticMaintenance","\Microsoft\Windows\Shell\","Ready",,"2026/6/23 12:04:43","0",,,,"否","空","","0","0","0","",""
"SetupRecoveryDataTask","\Microsoft\Windows\Setup\","Ready","2026/6/25 19:00:13","2026/6/13 20:11:27","0",,,,"否","空","","0","0","0","",""
"Initialization","\Microsoft\Windows\ReFsDedupSvc\","Ready",,"1999/11/30 0:00:00","267011",,,,"否","空","","0","0","0","",""
"VerifyWinRE","\Microsoft\Windows\RecoveryEnvironment\","Disabled",,"2025/11/17 10:50:49","0",,,,"否","空","","0","0","0","",""
"RegIdleBackup","\Microsoft\Windows\Registry\","Ready",,"2026/6/19 10:02:54","0",,,,"否","空","","0","0","0","",""
"PITRTask","\Microsoft\Windows\Setup\","Ready",,"2026/6/17 18:45:05","2147942450",,,,"否","空","","0","0","0","",""
"OOBEFodSetup","\Microsoft\Windows\Servicing\","Disabled",,"2025/11/3 9:33:49","0","%windir%\system32\OOBEFodSetup.exe",,,"否","缺失","%windir%\system32\OOBEFodSetup.exe","0","0","0","",""
"RequestTrace","\Microsoft\Windows\PerformanceTrace\","Ready",,"1999/11/30 0:00:00","267011",,,,"否","空","","0","0","0","",""
"Cellular","\Microsoft\Windows\Management\Provisioning\","Ready",,"1999/11/30 0:00:00","267011","%windir%\system32\ProvTool.exe","/turn 7 /source CellStateChangeTask",,"否","缺失","%windir%\system32\ProvTool.exe","0","0","0","",""
"RemediateHardwareChange","\Microsoft\Windows\Management\Autopilot\","Disabled",,"1999/11/30 0:00:00","267011",,,,"否","空","","0","0","0","",""
"Logon","\Microsoft\Windows\Management\Provisioning\","Ready",,"2026/6/23 5:17:23","0","%windir%\system32\ProvTool.exe","/turn 5 /source LogonIdleTask",,"否","缺失","%windir%\system32\ProvTool.exe","0","0","0","",""
"Retry","\Microsoft\Windows\Management\Provisioning\","Disabled",,"1999/11/30 0:00:00","267011","%windir%\system32\ProvTool.exe","/turn 5 /source ProvRetryTask",,"否","缺失","%windir%\system32\ProvTool.exe","0","0","0","",""
"MdmDiagnosticsCleanup","\Microsoft\Windows\Management\Provisioning\","Disabled",,"1999/11/30 0:00:00","267011","%windir%\system32\MdmDiagnosticsTool.exe","/clean",,"否","缺失","%windir%\system32\MdmDiagnosticsTool.exe","0","0","0","",""
"DetectHardwareChange","\Microsoft\Windows\Management\Autopilot\","Disabled",,"1999/11/30 0:00:00","267011",,,,"否","空","","0","0","0","",""
"Installation","\Microsoft\Windows\LanguageComponentsInstaller\","Ready",,"2026/6/23 16:57:13","0",,,,"否","空","","0","0","0","",""
"La57Cleanup","\Microsoft\Windows\Kernel\","Ready",,"2026/6/18 9:44:37","0","%windir%\system32\la57setup.exe",,,"否","缺失","%windir%\system32\la57setup.exe","0","0","0","",""
"ReconcileLanguageResources","\Microsoft\Windows\LanguageComponentsInstaller\","Ready",,"2026/6/23 18:42:13","0",,,,"否","空","","0","0","0","",""
"WinSAT","\Microsoft\Windows\Maintenance\","Ready",,"2026/6/23 12:07:14","0",,,,"否","空","","0","0","0","",""
"WindowsActionDialog","\Microsoft\Windows\Location\","Ready",,"1999/11/30 0:00:00","267011","%windir%\System32\WindowsActionDialog.exe",,,"否","缺失","%windir%\System32\WindowsActionDialog.exe","0","0","0","",""
"SystemSoundsService","\Microsoft\Windows\Multimedia\","Running",,"2026/6/22 16:42:13","267009",,,,"否","空","","0","0","0","",""
"LPRemove","\Microsoft\Windows\MUI\","Ready",,"2026/6/21 10:10:05","0","%windir%\system32\lpremove.exe",,,"否","缺失","%windir%\system32\lpremove.exe","0","0","0","",""
"NcsiIdentifyUserProxies","\Microsoft\Windows\Network Connectivity Status Indicator\","Ready",,"2026/6/22 16:42:13","0",,,,"否","空","","0","0","0","",""
"PCR Prediction Framework Firmware Update Task","\Microsoft\Windows\PCRPF\","Ready",,"1999/11/30 0:00:00","267011","%windir%\system32\rundll32.exe","%windir%\system32\pcrpf.dll,NotifyFirmwareUpdateStaged",,"否","缺失","%windir%\system32\rundll32.exe","0","0","0","",""
"WiFiTask","\Microsoft\Windows\NlaSvc\","Ready",,"1999/11/30 0:00:00","267011","%SystemRoot%\System32\WiFiTask.exe","nla",,"否","缺失","%SystemRoot%\System32\WiFiTask.exe","0","0","0","",""
"RunFullMemoryDiagnostic","\Microsoft\Windows\MemoryDiagnostic\","Disabled",,"1999/11/30 0:00:00","267011",,,,"否","空","","0","0","0","",""
"MapsToastTask","\Microsoft\Windows\Maps\","Ready",,"1999/11/30 0:00:00","267011",,,,"否","空","","0","0","0","",""
"RunOnReboot","\Microsoft\Windows\Management\Provisioning\","Disabled",,"1999/11/30 0:00:00","267011","%windir%\system32\ProvTool.exe","/turn 5 /source ContinueSessionTask",,"否","缺失","%windir%\system32\ProvTool.exe","0","0","0","",""
"MapsUpdateTask","\Microsoft\Windows\Maps\","Disabled","2026/6/24 1:02:30","1999/11/30 0:00:00","267011",,,,"否","空","","0","0","0","",""
"ProcessMemoryDiagnosticEvents","\Microsoft\Windows\MemoryDiagnostic\","Ready",,"2026/6/23 13:21:29","2147946720",,,,"否","空","","0","0","0","",""
"AutomaticOfflineMemoryDiagnostic","\Microsoft\Windows\MemoryDiagnostic\","Ready",,"2026/6/22 16:42:13","2147746065",,,,"否","空","","0","0","0","",""
"ThemesSyncedImageDownload","\Microsoft\Windows\Shell\","Ready",,"2026/6/23 12:04:43","2147942583",,,,"否","空","","0","0","0","",""
"Scheduled Start","\Microsoft\Windows\WindowsUpdate\","Ready",,"1999/11/30 0:00:00","267011","%systemroot%\System32\sc.exe","start wuauserv",,"否","缺失","%systemroot%\System32\sc.exe","0","0","0","",""
"Calibration Loader","\Microsoft\Windows\WindowsColorSystem\","Ready",,"2026/6/22 16:42:13","0",,,,"否","空","","0","0","0","",""
"CacheTask","\Microsoft\Windows\Wininet\","Running",,"2026/6/22 16:42:13","267009",,,,"否","空","","0","0","0","",""
"MoProfileManagement","\Microsoft\Windows\WlanSvc\","Ready",,"1999/11/30 0:00:00","267011",,,,"否","空","","0","0","0","",""
"CDSSync","\Microsoft\Windows\WlanSvc\","Ready",,"2026/6/22 16:43:13","0",,,,"否","空","","0","0","0","",""
"UpdateLibrary","\Microsoft\Windows\Windows Media Sharing\","Ready",,"1999/11/30 0:00:00","267011","""%ProgramFiles%\Windows Media Player\wmpnscfg.exe""",,,"否","缺失","%ProgramFiles%\Windows Media Player\wmpnscfg.exe","0","0","0","",""
"WiFiTask","\Microsoft\Windows\WCM\","Ready",,"2026/6/8 9:25:17","0","%SystemRoot%\System32\WiFiTask.exe",,,"否","缺失","%SystemRoot%\System32\WiFiTask.exe","0","0","0","",""
"Usb-Notifications","\Microsoft\Windows\USB\","Ready",,"1999/11/30 0:00:00","267011",,,,"否","空","","0","0","0","",""
"ResolutionHost","\Microsoft\Windows\WDI\","Ready",,"2026/6/8 8:54:27","0",,,,"否","空","","0","0","0","",""
"BfeOnServiceStartTypeChange","\Microsoft\Windows\Windows Filtering Platform\","Ready",,"1999/11/30 0:00:00","267011","%windir%\system32\rundll32.exe","bfe.dll,BfeOnServiceStartTypeChange",,"否","缺失","%windir%\system32\rundll32.exe","0","0","0","",""
"QueueReporting","\Microsoft\Windows\Windows Error Reporting\","Ready","2026/6/23 20:34:43","2026/6/23 18:29:28","0","%windir%\system32\wermgr.exe","-upload",,"否","缺失","%windir%\system32\wermgr.exe","0","0","0","",""
"XblGameSaveTask","\Microsoft\XblGameSave\","Ready",,"1999/11/30 0:00:00","267011","%windir%\System32\XblGameSaveTask.exe","standby",,"否","缺失","%windir%\System32\XblGameSaveTask.exe","0","0","0","",""
"OobeDiscovery","\Microsoft\Windows\WwanSvc\","Ready",,"2026/6/17 12:10:04","0",,,,"否","空","","0","0","0","",""
"SoftLandingCreativeManagementTask","\SoftLanding\S-1-5-21-2400464376-1604092282-1729554545-1001\","Ready","2026/6/24 7:47:50","2026/6/23 9:17:56","0",,,,"否","空","","0","0","0","",""
"SoftLandingTriggerTask-128000000001615609-render-{4bd8f13b-c6fb-4d4a-a58c-f8b66f9af296}","\SoftLanding\S-1-5-21-2400464376-1604092282-1729554545-1001\","Disabled","2026/6/23 18:45:56","2026/6/23 9:17:56","0",,,,"否","空","","0","0","0","",""
"SoftLandingDeferralTask-{9c17aaf4-4c2c-4b3f-a12b-24574a8ff590}","\SoftLanding\S-1-5-21-2400464376-1604092282-1729554545-1001\","Ready","2026/6/23 18:47:00","2026/6/23 18:32:01","0",,,,"否","空","","0","0","0","",""
"NotificationTask","\Microsoft\Windows\WwanSvc\","Ready",,"1999/11/30 0:00:00","267011","%SystemRoot%\System32\WiFiTask.exe","wwan",,"否","缺失","%SystemRoot%\System32\WiFiTask.exe","0","0","0","",""
"Work Folders Maintenance Work","\Microsoft\Windows\Work Folders\","Ready",,"2026/6/23 12:04:43","0",,,,"否","空","","0","0","0","",""
"Work Folders Logon Synchronization","\Microsoft\Windows\Work Folders\","Ready",,"2026/6/22 16:47:13","0",,,,"否","空","","0","0","0","",""
"Automatic-Device-Join","\Microsoft\Windows\Workplace Join\","Disabled",,"1999/11/30 0:00:00","267011","%SystemRoot%\System32\dsregcmd.exe","$(Arg0) $(Arg1) $(Arg2)",,"否","缺失","%SystemRoot%\System32\dsregcmd.exe","0","0","0","",""
"Recovery-Check","\Microsoft\Windows\Workplace Join\","Disabled",,"1999/11/30 0:00:00","267011","%SystemRoot%\System32\dsregcmd.exe","/checkrecovery",,"否","缺失","%SystemRoot%\System32\dsregcmd.exe","0","0","0","",""
"Device-Sync","\Microsoft\Windows\Workplace Join\","Disabled",,"1999/11/30 0:00:00","267011",,,,"否","空","","0","0","0","",""
"Storage Tiers Optimization","\Microsoft\Windows\Storage Tiers Management\","Disabled","2026/6/23 21:00:00","1999/11/30 0:00:00","267011","%windir%\system32\defrag.exe","-c -h -g -# -m 8 -i 13500",,"否","缺失","%windir%\system32\defrag.exe","0","0","0","",""
"Storage Tiers Management Initialization","\Microsoft\Windows\Storage Tiers Management\","Ready",,"1999/11/30 0:00:00","267011",,,,"否","空","","0","0","0","",""
"EnableLicenseAcquisition","\Microsoft\Windows\Subscription\","Ready",,"2026/6/17 12:10:04","2147500037","%SystemRoot%\system32\ClipRenew.exe","-e",,"否","缺失","%SystemRoot%\system32\ClipRenew.exe","0","0","0","",""
"PowerGridForecastTask","\Microsoft\Windows\Sustainability\","Ready","2026/6/24 12:22:50","2026/6/23 12:23:20","0",,,,"否","空","","0","0","0","",""
"LicenseAcquisition","\Microsoft\Windows\Subscription\","Disabled","2026/6/24 10:47:47","1999/11/30 0:00:00","267011","%SystemRoot%\system32\ClipRenew.exe",,,"否","缺失","%SystemRoot%\system32\ClipRenew.exe","0","0","0","",""
"MaintenanceTasks","\Microsoft\Windows\StateRepository\","Ready",,"2026/6/23 12:04:43","0","%windir%\system32\rundll32.exe","%windir%\system32\Windows.StateRepositoryClient.dll,StateRepositoryDoMaintenanceTasks",,"否","缺失","%windir%\system32\rundll32.exe","0","0","0","",""
"UpdateUserPictureTaskContained","\Microsoft\Windows\Shell\","Ready",,"1999/11/30 0:00:00","267011",,,,"否","空","","0","0","0","",""
"UpdateUserPictureTask","\Microsoft\Windows\Shell\","Ready",,"2026/3/4 9:26:20","0",,,,"否","空","","0","0","0","",""
"SvcRestartTaskLogon","\Microsoft\Windows\SoftwareProtectionPlatform\","Disabled",,"2025/11/3 9:25:45","0",,,,"否","空","","0","0","0","",""
"SpaceManagerTask","\Microsoft\Windows\SpacePort\","Ready",,"1999/11/30 0:00:00","267011","%windir%\system32\spaceman.exe","/Work",,"否","缺失","%windir%\system32\spaceman.exe","0","0","0","",""
"SpaceAgentTask","\Microsoft\Windows\SpacePort\","Ready",,"1999/11/30 0:00:00","267011","%windir%\system32\SpaceAgent.exe",,,"否","缺失","%windir%\system32\SpaceAgent.exe","0","0","0","",""
"MsCtfMonitor","\Microsoft\Windows\TextServicesFramework\","Ready",,"2026/6/22 16:42:13","0",,,,"否","空","","0","0","0","",""
"Interactive","\Microsoft\Windows\Task Manager\","Ready",,"1999/11/30 0:00:00","267011",,,,"否","空","","0","0","0","",""
"ForceSynchronizeTime","\Microsoft\Windows\Time Synchronization\","Ready",,"2026/6/17 12:10:05","0",,,,"否","空","","0","0","0","",""
"SynchronizeTimeZone","\Microsoft\Windows\Time Zone\","Ready",,"2026/6/17 18:45:08","0","%windir%\system32\tzsync.exe",,,"否","缺失","%windir%\system32\tzsync.exe","0","0","0","",""
"SynchronizeTime","\Microsoft\Windows\Time Synchronization\","Ready",,"2026/6/23 12:04:43","0","%windir%\system32\sc.exe","start w32time task_started",,"否","缺失","%windir%\system32\sc.exe","0","0","0","",""
"SR","\Microsoft\Windows\SystemRestore\","Ready",,"2026/6/21 10:10:17","0","%windir%\system32\srtasks.exe","ExecuteScheduledSPPCreation",,"否","缺失","%windir%\system32\srtasks.exe","0","0","0","",""
"HybridDriveCachePrepopulate","\Microsoft\Windows\Sysmain\","Disabled",,"1999/11/30 0:00:00","267011",,,,"否","空","","0","0","0","",""
"SustainabilityTelemetry","\Microsoft\Windows\Sustainability\","Ready",,"2026/6/23 5:17:24","0",,,,"否","空","","0","0","0","",""
"HybridDriveCacheRebalance","\Microsoft\Windows\Sysmain\","Disabled",,"1999/11/30 0:00:00","267011",,,,"否","空","","0","0","0","",""
"WsSwapAssessmentTask","\Microsoft\Windows\Sysmain\","Ready",,"2026/6/1 10:22:28","0","%windir%\system32\rundll32.exe","sysmain.dll,PfSvWsSwapAssessmentTask",,"否","缺失","%windir%\system32\rundll32.exe","0","0","0","",""
"ResPriStaticDbSync","\Microsoft\Windows\Sysmain\","Ready",,"2026/6/18 9:44:49","0",,,,"否","空","","0","0","0","",""
"Synchronize Language Settings","\Microsoft\Windows\International\","Ready",,"2026/6/22 16:42:43","0",,,,"否","空","","0","0","0","",""
"UserTask","\Microsoft\Windows\CertificateServicesClient\","Ready",,"2026/6/23 16:42:14","0",,,,"否","空","","0","0","0","",""
"maintenancetasks","\Microsoft\Windows\capabilityaccessmanager\","Ready",,"2026/6/23 12:04:43","0","%windir%\system32\rundll32.exe","%windir%\system32\CapabilityAccessManager.dll,CapabilityAccessManagerDoStoreMaintenance",,"否","缺失","%windir%\system32\rundll32.exe","0","0","0","",""
"UserTask-Roam","\Microsoft\Windows\CertificateServicesClient\","Ready",,"2026/6/23 13:27:15","0",,,,"否","空","","0","0","0","",""
"SyspartRepair","\Microsoft\Windows\Chkdsk\","Ready",,"1999/11/30 0:00:00","267011","%windir%\system32\bcdboot.exe","%windir% /sysrepair",,"否","缺失","%windir%\system32\bcdboot.exe","0","0","0","",""
"ProactiveScan","\Microsoft\Windows\Chkdsk\","Ready",,"2026/6/23 12:04:43","0",,,,"否","空","","0","0","0","",""
"BgTaskRegistrationMaintenanceTask","\Microsoft\Windows\BrokerInfrastructure\","Ready",,"2026/6/21 10:10:05","268435456",,,,"否","空","","0","0","0","",""
"Pre-staged app cleanup","\Microsoft\Windows\AppxDeploymentClient\","Disabled",,"2025/11/4 12:12:42","0","%windir%\system32\rundll32.exe","%windir%\system32\AppxDeploymentClient.dll,AppxPreStageCleanupRunTask",,"否","缺失","%windir%\system32\rundll32.exe","0","0","0","",""
"BackupNonMaintenance","\Microsoft\Windows\AppListBackup\","Ready","2026/6/27 3:22:54","1999/11/30 0:00:00","267011",,,,"否","空","","0","0","0","",""
"Proxy","\Microsoft\Windows\Autochk\","Ready",,"2026/6/17 18:45:05","0","%windir%\system32\rundll32.exe","/d acproxy.dll,PerformAutochkOperations",,"否","缺失","%windir%\system32\rundll32.exe","0","0","0","",""
"BitLocker MDM policy Refresh","\Microsoft\Windows\BitLocker\","Ready",,"1999/11/30 0:00:00","267011",,,,"否","空","","0","0","0","",""
"BitLocker Encrypt All Drives","\Microsoft\Windows\BitLocker\","Ready",,"1999/11/30 0:00:00","267011",,,,"否","空","","0","0","0","",""
"Data Integrity Scan","\Microsoft\Windows\Data Integrity Scan\","Ready",,"1999/11/30 0:00:00","267011",,,,"否","空","","0","0","0","",""
"Data Integrity Check And Scan","\Microsoft\Windows\Data Integrity Scan\","Ready","2026/6/23 23:44:21","1999/11/30 0:00:00","267011",,,,"否","空","","0","0","0","",""
"Data Integrity Scan for Crash Recovery","\Microsoft\Windows\Data Integrity Scan\","Ready",,"1999/11/30 0:00:00","267011",,,,"否","空","","0","0","0","",""
"Device","\Microsoft\Windows\Device Information\","Ready","2026/6/24 3:51:19","2026/6/23 3:20:47","0","%windir%\system32\devicecensus.exe","SystemCxt",,"否","缺失","%windir%\system32\devicecensus.exe","0","0","0","",""
"ScheduledDefrag","\Microsoft\Windows\Defrag\","Ready",,"2026/6/23 12:04:57","0","%windir%\system32\defrag.exe","-c -h -o -$",,"否","缺失","%windir%\system32\defrag.exe","0","0","0","",""
"UsbCeip","\Microsoft\Windows\Customer Experience Improvement Program\","Ready",,"2026/6/18 9:44:35","0",,,,"否","空","","0","0","0","",""
"Backup","\Microsoft\Windows\CloudRestore\","Ready","2026/7/1 16:19:18","2026/6/15 13:15:28","0",,,,"否","空","","0","0","0","",""
"CreateObjectTask","\Microsoft\Windows\CloudExperienceHost\","Ready",,"2025/11/3 9:30:32","0",,,,"否","空","","0","0","0","",""
"Restore","\Microsoft\Windows\CloudRestore\","Ready",,"1999/11/30 0:00:00","267011",,,,"否","空","","0","0","0","",""
"Consolidator","\Microsoft\Windows\Customer Experience Improvement Program\","Ready","2026/6/24 0:00:00","2026/6/23 18:00:01","0","%SystemRoot%\System32\wsqmcons.exe",,,"否","缺失","%SystemRoot%\System32\wsqmcons.exe","0","0","0","",""
"UnifiedConsentSyncTask","\Microsoft\Windows\ConsentUX\UnifiedConsent\","Ready","2026/6/24 12:23:23","2026/6/23 13:50:48","0",,,,"否","空","","0","0","0","",""
"Backup","\Microsoft\Windows\AppListBackup\","Ready",,"2026/6/23 12:10:16","0",,,,"否","空","","0","0","0","",""
"AD RMS Rights Policy Template Management (Automated)","\Microsoft\Windows\Active Directory Rights Management Services Client\","Disabled","2026/6/24 3:46:25","1999/11/30 0:00:00","267011",,,,"否","空","","0","0","0","",""
"RecoverabilityToastTask","\Microsoft\Windows\AccountHealth\","Ready",,"2026/6/23 13:27:45","0",,,,"否","空","","0","0","0","",""
"AD RMS Rights Policy Template Management (Manual)","\Microsoft\Windows\Active Directory Rights Management Services Client\","Ready",,"1999/11/30 0:00:00","267011",,,,"否","空","","0","0","0","",""
"VerifiedPublisherCertStoreCheck","\Microsoft\Windows\AppID\","Ready",,"2026/6/23 13:21:29","2147946720","%windir%\system32\appidcertstorecheck.exe",,,"否","缺失","%windir%\system32\appidcertstorecheck.exe","0","0","0","",""
"PolicyConverter","\Microsoft\Windows\AppID\","Ready",,"2025/12/4 12:14:26","0","%windir%\system32\appidpolicyconverter.exe",,,"否","缺失","%windir%\system32\appidpolicyconverter.exe","0","0","0","",""
".NET Framework NGEN v4.0.30319 Critical","\Microsoft\Windows\.NET Framework\","Disabled",,"2026/6/17 12:10:35","0",,,,"否","空","","0","0","0","",""
"OneDrive Standalone Update Task-S-1-5-21-2400464376-1604092282-1729554545-1001","\","Ready","2026/6/24 19:18:16","2026/6/23 17:08:10","2147806724","%localappdata%\Microsoft\OneDrive\OneDriveStandaloneUpdater.exe",,,"否","缺失","%localappdata%\Microsoft\OneDrive\OneDriveStandaloneUpdater.exe","0","0","0","",""
"OneDrive Reporting Task-S-1-5-21-2400464376-1604092282-1729554545-1001","\","Ready","2026/6/24 17:40:51","2026/6/23 17:40:52","0","%localappdata%\Microsoft\OneDrive\OneDriveStandaloneUpdater.exe","/reporting",,"否","缺失","%localappdata%\Microsoft\OneDrive\OneDriveStandaloneUpdater.exe","0","0","0","",""
".NET Framework NGEN v4.0.30319","\Microsoft\Windows\.NET Framework\","Ready",,"2026/6/23 12:04:45","0",,,,"否","空","","0","0","0","",""
".NET Framework NGEN v4.0.30319 64 Critical","\Microsoft\Windows\.NET Framework\","Disabled",,"2026/6/17 12:10:35","0",,,,"否","空","","0","0","0","",""
".NET Framework NGEN v4.0.30319 64","\Microsoft\Windows\.NET Framework\","Ready",,"2026/6/23 12:04:45","0",,,,"否","空","","0","0","0","",""
"appuriverifierdaily","\Microsoft\Windows\ApplicationData\","Ready",,"2026/6/23 12:04:43","0","%windir%\system32\AppHostRegistrationVerifier.exe",,,"否","缺失","%windir%\system32\AppHostRegistrationVerifier.exe","0","0","0","",""
"StartupAppTask","\Microsoft\Windows\Application Experience\","Ready",,"2026/6/23 5:17:24","0","%windir%\system32\rundll32.exe","Startupscan.dll,SusRunTask",,"否","缺失","%windir%\system32\rundll32.exe","0","0","0","",""
"appuriverifierinstall","\Microsoft\Windows\ApplicationData\","Ready",,"2026/6/23 5:56:05","0","%windir%\system32\AppHostRegistrationVerifier.exe",,,"否","缺失","%windir%\system32\AppHostRegistrationVerifier.exe","0","0","0","",""
"DsSvcCleanup","\Microsoft\Windows\ApplicationData\","Ready",,"2026/6/23 12:04:43","0","%windir%\system32\dstokenclean.exe",,,"否","缺失","%windir%\system32\dstokenclean.exe","0","0","0","",""
"CleanupTemporaryState","\Microsoft\Windows\ApplicationData\","Ready",,"2026/6/18 9:44:35","0","%windir%\system32\rundll32.exe","Windows.Storage.ApplicationData.dll,CleanupTemporaryState",,"否","缺失","%windir%\system32\rundll32.exe","0","0","0","",""
"SdbinstMergeDbTask","\Microsoft\Windows\Application Experience\","Ready",,"1999/11/30 0:00:00","267011","%windir%\system32\sdbinst.exe","-mm",,"否","缺失","%windir%\system32\sdbinst.exe","0","0","0","",""
"MareBackup","\Microsoft\Windows\Application Experience\","Ready",,"1999/11/30 0:00:00","267011","%windir%\system32\compattelrunner.exe","-m:appraiser.dll -f:DoScheduledTelemetryRun",,"否","缺失","%windir%\system32\compattelrunner.exe","0","0","0","",""
"MareBackup","\Microsoft\Windows\Application Experience\","Ready",,"1999/11/30 0:00:00","267011","%windir%\system32\compattelrunner.exe","-m:aeinv.dll -f:UpdateSoftwareInventoryW invsvc",,"否","缺失","%windir%\system32\compattelrunner.exe","0","0","0","",""
"MareBackup","\Microsoft\Windows\Application Experience\","Ready",,"1999/11/30 0:00:00","267011","%windir%\system32\compattelrunner.exe","-m:aemarebackup.dll -f:BackupMareData",,"否","缺失","%windir%\system32\compattelrunner.exe","0","0","0","",""
"PcaPatchDbTask","\Microsoft\Windows\Application Experience\","Ready","2026/6/24 4:25:20","2026/6/23 16:38:15","0","%windir%\system32\rundll32.exe","%windir%\system32\PcaSvc.dll,PcaPatchSdbTask",,"否","缺失","%windir%\system32\rundll32.exe","0","0","0","",""
"Microsoft Compatibility Appraiser Exp","\Microsoft\Windows\Application Experience\","Ready",,"1999/11/30 0:00:00","267011","%windir%\system32\compattelrunner.exe","-m:appraiser.dll -f:DoScheduledTelemetryRun express",,"否","缺失","%windir%\system32\compattelrunner.exe","0","0","0","",""
"Monitoring","\Microsoft\Windows\Hotpatch\","Ready","2026/6/24 3:16:48","2026/6/23 12:04:43","0","%systemroot%\system32\cmd.exe","/d /c %systemroot%\system32\hpatchmonTask.cmd",,"否","缺失","%systemroot%\system32\cmd.exe","0","0","0","",""
"RefreshCache","\Microsoft\Windows\Flighting\OneSettings\","Ready","2026/6/23 21:55:55","2026/6/23 18:13:30","0",,,,"否","空","","0","0","0","",""
"InputSettingsRestoreDataAvailable","\Microsoft\Windows\input\","Ready",,"1999/11/30 0:00:00","267011",,,,"否","空","","0","0","0","",""
"MouseSyncDataAvailable","\Microsoft\Windows\input\","Ready",,"1999/11/30 0:00:00","267011",,,,"否","空","","0","0","0","",""
"LocalUserSyncDataAvailable","\Microsoft\Windows\input\","Ready",,"2026/4/13 14:26:56","0",,,,"否","空","","0","0","0","",""
"UsageDataReporting","\Microsoft\Windows\Flighting\FeatureConfig\","Ready",,"2026/6/23 12:10:16","0",,,,"否","空","","0","0","0","",""
"ReconcileFeatures","\Microsoft\Windows\Flighting\FeatureConfig\","Ready",,"2026/6/23 12:10:17","0",,,,"否","空","","0","0","0","",""
"ReconcileConfigs","\Microsoft\Windows\Flighting\FeatureConfig\","Ready",,"1999/11/30 0:00:00","267011",,,,"否","空","","0","0","0","",""
"SafeguardsReconciliation","\Microsoft\Windows\Flighting\FeatureConfig\","Ready",,"2026/6/23 12:10:17","0",,,,"否","空","","0","0","0","",""
"UsageDataReceiver","\Microsoft\Windows\Flighting\FeatureConfig\","Ready",,"2026/6/23 18:43:03","0",,,,"否","空","","0","0","0","",""
"UsageDataFlushing","\Microsoft\Windows\Flighting\FeatureConfig\","Ready",,"2026/6/22 16:47:18","0",,,,"否","空","","0","0","0","",""
"ScanForUpdates","\Microsoft\Windows\InstallService\","Ready","2026/6/24 13:31:23","2026/6/23 16:52:20","0",,,,"否","空","","0","0","0","",""
"RestoreDevice","\Microsoft\Windows\InstallService\","Ready",,"2026/6/17 13:10:05","0",,,,"否","空","","0","0","0","",""
"ScanForUpdatesAsUser","\Microsoft\Windows\InstallService\","Ready",,"2026/6/23 12:04:43","0",,,,"否","空","","0","0","0","",""
"WakeUpAndScanForUpdates","\Microsoft\Windows\InstallService\","Disabled","2026/6/24 9:58:27","1999/11/30 0:00:00","267011",,,,"否","空","","0","0","0","",""
"WakeUpAndContinueUpdates","\Microsoft\Windows\InstallService\","Disabled",,"1999/11/30 0:00:00","267011",,,,"否","空","","0","0","0","",""
"TouchpadSyncDataAvailable","\Microsoft\Windows\input\","Ready",,"1999/11/30 0:00:00","267011",,,,"否","空","","0","0","0","",""
"RemoteMouseSyncDataAvailable","\Microsoft\Windows\input\","Ready",,"1999/11/30 0:00:00","267011",,,,"否","空","","0","0","0","",""
"PenSyncDataAvailable","\Microsoft\Windows\input\","Ready",,"2026/4/13 14:26:56","0",,,,"否","空","","0","0","0","",""
"RemotePenSyncDataAvailable","\Microsoft\Windows\input\","Ready",,"2026/4/13 14:26:56","0",,,,"否","空","","0","0","0","",""
"syncpensettings","\Microsoft\Windows\input\","Ready",,"1999/11/30 0:00:00","267011",,,,"否","空","","0","0","0","",""
"RemoteTouchpadSyncDataAvailable","\Microsoft\Windows\input\","Ready",,"1999/11/30 0:00:00","267011",,,,"否","空","","0","0","0","",""
"GovernedFeatureUsageProcessing","\Microsoft\Windows\Flighting\FeatureConfig\","Ready",,"2026/6/22 9:13:19","0",,,,"否","空","","0","0","0","",""
"SilentCleanup","\Microsoft\Windows\DiskCleanup\","Ready",,"2026/6/23 13:21:29","2147946720","%windir%\system32\cleanmgr.exe","/autocleanstoragesense /d %systemdrive%",,"否","缺失","%windir%\system32\cleanmgr.exe","0","0","0","",""
"DXGIAdapterCache","\Microsoft\Windows\DirectX\","Ready",,"2026/6/18 9:00:35","0","%windir%\system32\dxgiadaptercache.exe",,,"否","缺失","%windir%\system32\dxgiadaptercache.exe","0","0","0","",""
"Microsoft-Windows-DiskDiagnosticDataCollector","\Microsoft\Windows\DiskDiagnostic\","Disabled",,"2025/12/23 12:14:14","0","%windir%\system32\rundll32.exe","dfdts.dll,DfdGetDefaultPolicyAndSMART",,"否","缺失","%windir%\system32\rundll32.exe","0","0","0","",""
"Diagnostics","\Microsoft\Windows\DiskFootprint\","Ready",,"2026/6/23 12:04:43","0","%windir%\system32\disksnapshot.exe","-z",,"否","缺失","%windir%\system32\disksnapshot.exe","0","0","0","",""
"Microsoft-Windows-DiskDiagnosticResolver","\Microsoft\Windows\DiskDiagnostic\","Disabled",,"1999/11/30 0:00:00","267011","%windir%\system32\DFDWiz.exe",,,"否","缺失","%windir%\system32\DFDWiz.exe","0","0","0","",""
"DirectXDatabaseUpdater","\Microsoft\Windows\DirectX\","Ready",,"2026/5/9 9:07:38","0","%windir%\system32\directxdatabaseupdater.exe",,,"否","缺失","%windir%\system32\directxdatabaseupdater.exe","0","0","0","",""
"Driver Recovery on Reboot","\Microsoft\Windows\Device Setup\","Disabled",,"1999/11/30 0:00:00","267011",,,,"否","空","","0","0","0","",""
"Device User","\Microsoft\Windows\Device Information\","Ready",,"2026/6/23 5:19:24","0","%windir%\system32\devicecensus.exe","UserCxt",,"否","缺失","%windir%\system32\devicecensus.exe","0","0","0","",""
"RecommendedTroubleshootingScanner","\Microsoft\Windows\Diagnosis\","Ready",,"2025/11/3 9:32:30","0",,,,"否","空","","0","0","0","",""
"UnexpectedCodepath","\Microsoft\Windows\Diagnosis\","Ready",,"2026/6/23 7:34:59","0","%windir%\system32\UCConfigTask.exe",,,"否","缺失","%windir%\system32\UCConfigTask.exe","0","0","0","",""
"Scheduled","\Microsoft\Windows\Diagnosis\","Ready",,"2026/6/23 12:04:43","0",,,,"否","空","","0","0","0","",""
"DmClient","\Microsoft\Windows\Feedback\Siuf\","Ready",,"2026/6/23 12:04:43","0","%windir%\system32\dmclient.exe",,,"否","缺失","%windir%\system32\dmclient.exe","0","0","0","",""
"ExploitGuard MDM policy Refresh","\Microsoft\Windows\ExploitGuard\","Ready",,"2026/6/17 18:40:01","0",,,,"否","空","","0","0","0","",""
"DmClientOnScenarioDownload","\Microsoft\Windows\Feedback\Siuf\","Ready",,"2026/6/22 12:58:21","0","%windir%\system32\dmclient.exe","utcwnf",,"否","缺失","%windir%\system32\dmclient.exe","0","0","0","",""
"BootstrapUsageDataReporting","\Microsoft\Windows\Flighting\FeatureConfig\","Disabled","2026/6/23 18:52:43","2026/6/17 12:22:25","0",,,,"否","空","","0","0","0","",""
"File History (maintenance mode)","\Microsoft\Windows\FileHistory\","Ready",,"2026/6/21 10:10:05","0",,,,"否","空","","0","0","0","",""
"StorageCardEncryption Task","\Microsoft\Windows\EDP\","Ready",,"1999/11/30 0:00:00","267011",,,,"否","空","","0","0","0","",""
"dusmtask","\Microsoft\Windows\DUSM\","Ready",,"1999/11/30 0:00:00","267011","%SystemRoot%\System32\dusmtask.exe",,,"否","缺失","%SystemRoot%\System32\dusmtask.exe","0","0","0","",""
"StorageSense","\Microsoft\Windows\DiskFootprint\","Ready",,"2026/6/23 12:04:43","2147746132",,,,"否","空","","0","0","0","",""
"EDP App Launch Task","\Microsoft\Windows\EDP\","Ready",,"1999/11/30 0:00:00","267011",,,,"否","空","","0","0","0","",""
"EDP Inaccessible Credentials Task","\Microsoft\Windows\EDP\","Ready",,"1999/11/30 0:00:00","267011",,,,"否","空","","0","0","0","",""
"EDP Auth Task","\Microsoft\Windows\EDP\","Ready",,"1999/11/30 0:00:00","267011",,,,"否","空","","0","0","0","",""
